file,edge_density,horiz_flip_diff,vert_flip_diff
train_14233.png,0.00011957908163265306,88.60044860839844,66.74609375
train_15230.png,0.0002192283163265306,84.34964752197266,72.11551666259766
train_13852.png,0.0005779655612244898,52.051578521728516,64.34590148925781
train_31994.png,0.00011957908163265306,60.08378601074219,41.74163055419922
train_23784.png,0.0,54.71213150024414,63.867427825927734
train_07560.png,0.0,39.7036018371582,45.117347717285156
train_26230.png,0.0,111.39173889160156,44.06871795654297
train_06422.png,0.0,52.571109771728516,67.09143829345703
train_05148.png,0.0,50.512115478515625,34.14166259765625
train_30199.png,0.0,56.3345832824707,61.52606964111328
train_22843.png,0.0,47.23142623901367,52.168846130371094
train_01520.png,0.0,44.30317306518555,62.266021728515625
train_04235.png,0.0,49.82844543457031,62.117427825927734
train_29549.png,0.0,54.22935104370117,51.50231170654297
train_20976.png,1.992984693877551e-05,65.33163452148438,69.55461120605469
train_31622.png,0.0,52.273597717285156,34.16669464111328
train_22854.png,0.0,56.61933898925781,58.059391021728516
train_09550.png,0.00013950892857142856,66.62643432617188,60.41294479370117
train_25532.png,0.0,60.186622619628906,52.66972351074219
train_15609.png,0.0,51.06959533691406,57.29568099975586
train_28600.png,0.0,90.19364166259766,50.30978775024414
train_09349.png,0.0003587372448979592,60.898197174072266,66.43965148925781
train_20545.png,0.0,89.24059295654297,30.305803298950195
train_27972.png,1.992984693877551e-05,54.21986770629883,60.449459075927734
train_16222.png,0.0,56.73286056518555,63.1822395324707
train_00251.png,0.0,27.92546272277832,36.911033630371094
train_14532.png,0.0,60.380897521972656,40.556121826171875
train_32686.png,0.0,53.844146728515625,54.281009674072266
train_19361.png,0.0,68.77423095703125,62.86272430419922
train_06133.png,0.0,65.01275634765625,63.21970748901367
train_22751.png,0.0,66.01195526123047,52.63440704345703
train_18334.png,0.0,49.38576126098633,49.41565704345703
train_07581.png,0.0,21.4646053314209,17.92410659790039
train_22904.png,0.0,57.11790466308594,37.83880615234375
train_05762.png,0.0,54.18183898925781,45.46907043457031
train_25929.png,0.0,61.56521224975586,45.32756805419922
train_33223.png,0.0,51.667728424072266,62.41741180419922
train_01118.png,0.0,53.218353271484375,53.405853271484375
train_26667.png,1.992984693877551e-05,70.54862976074219,54.62771224975586
train_32102.png,0.0,49.23604965209961,52.06536865234375
train_26600.png,3.985969387755102e-05,58.5424919128418,64.3172836303711
train_21679.png,0.0,39.105308532714844,50.02016830444336
train_10562.png,0.0,63.929290771484375,48.52662658691406
train_29500.png,9.964923469387755e-05,54.71930694580078,62.13440704345703
train_08370.png,0.0005381058673469387,110.53594970703125,69.62850952148438
train_29727.png,0.0,36.77248001098633,51.13831329345703
train_07651.png,0.00031887755102040814,66.14564514160156,116.65943908691406
train_04641.png,0.0,61.601722717285156,53.67976760864258
train_31213.png,3.985969387755102e-05,86.96588134765625,101.71563720703125
train_22979.png,0.0,51.169883728027344,42.634803771972656
train_22214.png,0.0,29.30723762512207,37.57653045654297
train_11137.png,0.0,38.090084075927734,51.591678619384766
train_21489.png,5.978954081632653e-05,88.31425476074219,57.413185119628906
train_26965.png,0.0,50.83211135864258,50.87651443481445
train_03580.png,0.00023915816326530612,57.70416259765625,51.304290771484375
train_08135.png,0.0,61.4292106628418,62.308433532714844
train_12491.png,0.0,40.8237419128418,49.351722717285156
train_33900.png,0.0,54.1302604675293,69.25071716308594
train_25620.png,0.0,33.75940704345703,29.645090103149414
train_33418.png,3.985969387755102e-05,28.52766227722168,22.339683532714844
train_19998.png,0.0,48.86001205444336,30.200096130371094
train_13781.png,1.992984693877551e-05,32.82780456542969,37.75071716308594
train_24349.png,0.0,39.813297271728516,38.48381805419922
train_11753.png,0.0,65.73876190185547,64.95097351074219
train_04461.png,1.992984693877551e-05,55.35810089111328,59.61957931518555
train_23237.png,0.0,45.254302978515625,48.9496955871582
train_02240.png,0.0,27.57844352722168,32.47927474975586
train_19857.png,0.0,44.95870590209961,34.70599365234375
train_30132.png,0.0,54.77885818481445,35.07126998901367
train_22051.png,0.0,36.994659423828125,41.70256805419922
train_01090.png,0.0,57.745853424072266,42.45025634765625
train_13726.png,0.0,49.36256408691406,55.26076126098633
train_30460.png,0.0,51.304447174072266,40.0181770324707
train_00647.png,0.0003985969387755102,60.26299285888672,56.861366271972656
train_30398.png,1.992984693877551e-05,58.349090576171875,62.488441467285156
train_17842.png,0.0002192283163265306,65.13424682617188,78.69667053222656
train_00061.png,0.00031887755102040814,45.00605773925781,61.75215148925781
train_34188.png,0.0001793686224489796,51.18072509765625,49.054927825927734
train_34047.png,0.0,26.168048858642578,39.39811706542969
train_26678.png,0.00015943877551020407,66.89141845703125,62.66828918457031
train_15388.png,0.0,33.740116119384766,108.2518310546875
train_02277.png,0.00023915816326530612,49.31816101074219,61.182716369628906
train_27619.png,0.0,67.41023254394531,46.36949920654297
train_03119.png,0.00015943877551020407,45.99824523925781,59.422672271728516
train_32509.png,0.0,48.13791275024414,84.1229248046875
train_00843.png,0.00013950892857142856,43.01108169555664,60.412147521972656
train_06377.png,0.0,55.729034423828125,60.808753967285156
train_28556.png,0.0,34.30181884765625,60.28977966308594
train_31341.png,0.0007573341836734694,53.504703521728516,73.26371002197266
train_28073.png,0.0,25.44794273376465,22.097496032714844
train_04705.png,0.0,83.77080535888672,39.45583724975586
train_06424.png,0.0,43.447383880615234,45.117427825927734
train_13253.png,0.0,47.486446380615234,44.335140228271484
train_15188.png,0.0,56.871334075927734,36.50956726074219
train_20592.png,0.0,80.46269226074219,72.20918273925781
train_26831.png,0.0,47.86551284790039,51.26387023925781
train_15943.png,0.0,25.473852157592773,15.799665451049805
train_11764.png,0.0,24.686542510986328,40.86559295654297
train_15730.png,0.0,77.77032470703125,47.493621826171875
train_12913.png,0.0,47.39349365234375,55.3510856628418
train_03792.png,0.0,97.52359771728516,53.75956726074219
train_10684.png,0.0,55.65106964111328,67.23684692382812
train_32063.png,0.0,60.702884674072266,51.11104965209961
train_29422.png,0.0,60.00852966308594,68.30452728271484
train_04813.png,0.0,36.13552474975586,44.43024444580078
train_04850.png,0.0,58.00103759765625,56.29328918457031
train_11270.png,0.0,49.52239990234375,50.938934326171875
train_20364.png,0.0,39.37563705444336,48.5142707824707
train_10149.png,9.964923469387755e-05,45.71842956542969,69.47695922851562
train_21399.png,9.964923469387755e-05,57.764190673828125,45.810665130615234
train_12238.png,0.0,47.822383880615234,60.7651481628418
train_27015.png,0.0,20.272401809692383,14.724170684814453
train_14370.png,0.0,31.502870559692383,19.520488739013672
train_16169.png,3.985969387755102e-05,42.99936294555664,28.7033634185791
train_16305.png,0.0,53.373085021972656,51.43646240234375
train_06354.png,5.978954081632653e-05,76.33641815185547,59.86399841308594
train_31859.png,0.0,36.73142623901367,44.340641021728516
train_21963.png,0.0,60.340084075927734,54.522640228271484
train_04556.png,0.0,48.21611785888672,49.224090576171875
train_31985.png,0.0,42.609375,29.2033634185791
train_29419.png,0.0,52.58745193481445,70.4013900756836
train_32194.png,0.0,45.285396575927734,49.2661018371582
train_30166.png,0.0,48.11750793457031,55.48429489135742
train_10544.png,0.0,43.183753967285156,45.20735168457031
train_02857.png,0.0,51.95256805419922,54.53961944580078
train_34128.png,0.00033880739795918367,103.11392211914062,85.58832550048828
train_25591.png,0.0,48.335060119628906,50.52112579345703
train_24392.png,0.0,54.37619400024414,67.19172668457031
train_07653.png,1.992984693877551e-05,62.19308090209961,46.48883819580078
train_15822.png,0.00045838647959183676,87.94196319580078,74.53778839111328
train_28666.png,0.0,49.858978271484375,47.552772521972656
train_22355.png,0.0,57.80397033691406,52.054927825927734
train_26043.png,0.0,49.67402648925781,39.59247589111328
train_06204.png,9.964923469387755e-05,51.38129806518555,58.18861770629883
train_08980.png,0.0,47.020328521728516,44.99537658691406
train_25724.png,0.0,51.644290924072266,51.3364143371582
train_31258.png,0.0,30.48309898376465,43.37858581542969
train_18217.png,3.985969387755102e-05,71.39118194580078,59.906410217285156
train_09498.png,0.0,74.3506088256836,80.89445495605469
train_01791.png,0.0,43.42905044555664,64.88735961914062
train_30741.png,0.0,53.021522521972656,54.67012023925781
train_05426.png,0.0,54.89548873901367,63.3871955871582
train_06258.png,0.0,45.1888542175293,65.75948333740234
train_10381.png,0.0003587372448979592,53.55460739135742,64.64006805419922
train_20814.png,0.0,36.3246955871582,46.978397369384766
train_30949.png,0.0,63.1822395324707,25.972496032714844
train_27427.png,0.0,38.41023635864258,55.38289260864258
train_23156.png,0.0003985969387755102,52.8364143371582,56.15449523925781
train_16307.png,0.0,55.89955520629883,41.02239990234375
train_30554.png,0.0,40.16047668457031,49.04185104370117
train_14909.png,0.0,54.74481964111328,49.26275634765625
train_20027.png,9.964923469387755e-05,62.77216339111328,53.208866119384766
train_23422.png,0.0,56.249202728271484,60.1796875
train_12540.png,0.0,53.32916259765625,48.91477966308594
train_12980.png,0.0,58.61487579345703,39.37236785888672
train_12050.png,0.0,56.22257614135742,44.808990478515625
train_12968.png,0.0,60.34342956542969,55.6411018371582
train_09625.png,0.0,69.93391418457031,50.44993591308594
train_07223.png,0.0,47.754703521728516,64.73971557617188
train_34269.png,0.0,54.5307731628418,39.62053680419922
train_17867.png,0.0,38.70384216308594,30.576690673828125
train_01788.png,0.0,51.90864181518555,67.11288452148438
train_33898.png,0.0,94.5947036743164,58.205196380615234
train_07997.png,0.0,46.379302978515625,55.5767707824707
train_19968.png,0.0,25.052932739257812,51.33761215209961
train_15533.png,0.0,66.43965148925781,80.8184814453125
train_02958.png,3.985969387755102e-05,86.9200439453125,63.229591369628906
train_12234.png,0.0,61.992584228515625,52.019691467285156
train_16886.png,0.0,23.10188102722168,22.7697696685791
train_05360.png,0.0,43.01897430419922,48.569435119628906
train_23743.png,0.0,53.594627380371094,57.316566467285156
train_29114.png,0.0,37.36320114135742,34.00494384765625
train_25744.png,0.0004384566326530612,58.211814880371094,57.755340576171875
train_16144.png,0.0,60.55229568481445,60.61168670654297
train_16420.png,0.0005580357142857143,64.14732360839844,79.69339752197266
train_10968.png,0.0,53.5872917175293,59.355628967285156
train_11847.png,0.0,42.742347717285156,37.92841339111328
train_04372.png,0.00029894770408163266,48.6536979675293,75.2082290649414
train_13604.png,0.0,46.65616989135742,51.945472717285156
train_18036.png,0.0,30.21643829345703,42.923866271972656
train_25967.png,0.0,85.33601379394531,41.34797668457031
train_20479.png,0.0,61.87053680419922,75.18367004394531
train_08672.png,0.00023915816326530612,53.36591339111328,66.72887420654297
train_29248.png,0.0004982461734693878,58.40178680419922,56.21779251098633
train_26983.png,0.0,51.82429885864258,52.12563705444336
train_25283.png,0.0,66.61367797851562,48.09151840209961
train_20458.png,0.0,18.829160690307617,24.44921875
train_02561.png,0.0,21.630739212036133,19.305246353149414
train_20209.png,0.0,47.47560501098633,48.30564498901367
train_05348.png,0.0,61.985172271728516,53.242427825927734
train_18871.png,3.985969387755102e-05,67.39229583740234,40.77582931518555
train_04775.png,0.0,58.337371826171875,56.261959075927734
train_18513.png,0.0,43.91246795654297,45.26004409790039
train_15757.png,0.0,52.93463134765625,40.74433898925781
train_31523.png,7.971938775510203e-05,64.54296875,75.88695526123047
train_25311.png,0.0,90.7316665649414,61.591678619384766
train_30557.png,0.0003587372448979592,53.269771575927734,98.11639404296875
train_24101.png,0.0,72.31608581542969,89.0595474243164
train_07685.png,5.978954081632653e-05,60.813297271728516,48.17179489135742
train_27477.png,0.0,54.812103271484375,54.22831726074219
train_27915.png,0.0,47.65353775024414,63.03794479370117
train_12332.png,0.0004185267857142857,59.94921875,59.14485168457031
train_26000.png,0.00031887755102040814,51.291534423828125,73.74226379394531
train_24748.png,0.0,46.509246826171875,43.8129768371582
train_20867.png,0.0,44.67219543457031,39.645328521728516
train_14170.png,0.0,59.65114974975586,55.255821228027344
train_19035.png,0.0,89.00933074951172,27.83338737487793
train_33074.png,7.971938775510203e-05,59.97425079345703,52.649234771728516
train_07144.png,0.0,51.93144226074219,54.44635009765625
train_17377.png,0.0001793686224489796,46.0326042175293,93.75215148925781
train_23356.png,0.0,66.54854583740234,56.70161056518555
train_28595.png,0.0,63.496490478515625,54.7134895324707
train_15212.png,0.0,35.0599479675293,45.38783645629883
train_31340.png,3.985969387755102e-05,69.63887023925781,59.4457893371582
train_13728.png,0.0,47.45025634765625,47.02463150024414
train_23581.png,0.0,48.02016830444336,58.64731979370117
train_21433.png,0.0,39.3697395324707,23.969308853149414
train_32298.png,0.0,46.736289978027344,60.54225158691406
train_13344.png,0.0,53.8159294128418,56.255821228027344
train_28948.png,9.964923469387755e-05,31.4650821685791,34.88943099975586
train_02847.png,0.0001793686224489796,80.3191146850586,75.29608154296875
train_13468.png,3.985969387755102e-05,60.272003173828125,70.20894622802734
train_04146.png,0.0,21.760602951049805,19.512435913085938
train_19860.png,0.0,44.681758880615234,53.809471130371094
train_19577.png,0.00027901785714285713,50.69300079345703,55.64668273925781
train_29564.png,0.0,42.802852630615234,45.75462341308594
train_30500.png,0.0,42.818477630615234,52.476322174072266
train_14284.png,0.0,41.37555694580078,55.17060089111328
train_09739.png,0.0,53.650909423828125,46.95097351074219
train_27107.png,0.0,47.619258880615234,52.143096923828125
train_15019.png,0.0,27.669801712036133,28.774633407592773
train_09100.png,0.0,43.75876998901367,30.214445114135742
train_10099.png,0.0,44.93351364135742,51.21380615234375
train_02008.png,0.0,42.1431770324707,44.057796478271484
train_16930.png,0.0,20.98405647277832,26.863201141357422
train_11494.png,0.0,29.06800079345703,28.840641021728516
train_32655.png,0.0,46.504703521728516,51.48078918457031
train_27324.png,0.0,11.49250602722168,21.215959548950195
train_30713.png,0.0,64.69953918457031,62.65202331542969
train_04330.png,0.0,51.07820510864258,51.373008728027344
train_25633.png,0.0,70.80397033691406,49.147640228271484
train_10710.png,0.0,53.65497589111328,45.58808898925781
train_22103.png,0.0,56.431522369384766,64.71109771728516
train_16250.png,0.0004982461734693878,61.261959075927734,52.823421478271484
train_18104.png,0.0,44.33481979370117,49.26020431518555
train_05221.png,0.0,88.20336151123047,34.90138626098633
train_04165.png,0.00033880739795918367,49.97090148925781,83.01100158691406
train_14558.png,0.0,36.51171875,31.142379760742188
train_25759.png,0.0005779655612244898,55.625797271728516,66.25
train_05809.png,0.0,75.8642349243164,66.14811706542969
train_23717.png,0.0,57.279258728027344,58.779178619384766
train_03104.png,0.0,24.237802505493164,38.808353424072266
train_12394.png,7.971938775510203e-05,63.04695510864258,48.103397369384766
train_03047.png,0.0,76.91422271728516,57.36479568481445
train_10228.png,0.0,72.14237976074219,51.52678680419922
train_25568.png,0.0,51.2495231628418,57.3628044128418
train_24583.png,0.0,68.76307678222656,79.2118148803711
train_29408.png,0.0,35.3676643371582,46.899871826171875
train_14301.png,0.0,44.90346145629883,19.4606990814209
train_25637.png,0.0,31.90361976623535,27.316804885864258
train_09844.png,0.0,53.314491271972656,44.61152648925781
train_00911.png,0.00013950892857142856,52.6771354675293,108.49720764160156
train_22586.png,0.0,77.29759216308594,55.744178771972656
train_27402.png,0.0,21.6994571685791,20.45902442932129
train_15010.png,0.0001992984693877551,45.9349479675293,74.5555648803711
train_32322.png,0.0,49.94682693481445,63.21994400024414
train_06821.png,0.0,52.69602966308594,67.87938690185547
train_15712.png,0.0,43.756935119628906,35.27678680419922
train_18251.png,0.0,25.804208755493164,18.978954315185547
train_10421.png,0.0,37.16438293457031,55.86320114135742
train_34397.png,0.0,59.52622604370117,69.25996398925781
train_17621.png,0.0,52.21269226074219,57.8549919128418
train_05144.png,1.992984693877551e-05,58.65864181518555,85.51753997802734
train_23457.png,0.0,16.862403869628906,11.664939880371094
train_12481.png,0.0,36.89716339111328,41.19068908691406
train_24268.png,0.0,49.534278869628906,55.57270431518555
train_33451.png,0.0,23.86910057067871,16.99744987487793
train_16221.png,0.0,51.649234771728516,38.064334869384766
train_06925.png,0.0,50.4818229675293,45.45193099975586
train_06753.png,0.0,45.34933090209961,56.02407455444336
train_25370.png,0.0004384566326530612,51.284358978271484,69.35594940185547
train_23586.png,0.0,18.999202728271484,16.145566940307617
train_01270.png,0.0,50.41621398925781,59.18239974975586
train_20016.png,0.0,42.697784423828125,46.28133010864258
train_05523.png,0.00015943877551020407,64.10706329345703,47.13169479370117
train_29445.png,0.0002192283163265306,74.22584533691406,61.31282043457031
train_12827.png,0.0,51.25008010864258,47.2026481628418
train_32247.png,0.0,41.67219543457031,62.059471130371094
train_05306.png,0.0,54.51889419555664,40.18821716308594
train_01240.png,0.0,44.8423957824707,60.714683532714844
train_25877.png,0.0,52.9838981628418,38.09446716308594
train_26969.png,0.0,59.4457893371582,60.503028869628906
train_27981.png,0.0,59.043766021728516,55.38639831542969
train_00200.png,0.0,52.417171478271484,55.26076126098633
train_06848.png,0.0,47.84111785888672,55.11878204345703
train_07070.png,9.964923469387755e-05,49.92299270629883,47.802616119384766
train_27012.png,0.0,50.4595832824707,45.543766021728516
train_01298.png,0.00029894770408163266,90.24992370605469,65.96229553222656
train_21822.png,0.0,70.55986785888672,55.45758819580078
train_19260.png,3.985969387755102e-05,51.45758819580078,59.088008880615234
train_30716.png,0.0,66.60211944580078,63.446746826171875
train_20433.png,0.0,14.117107391357422,23.31808090209961
train_01278.png,9.964923469387755e-05,70.04320526123047,58.567203521728516
train_29050.png,0.0,51.19602966308594,58.608978271484375
train_08394.png,0.0,64.10969543457031,60.419960021972656
train_14406.png,0.0,50.657047271728516,60.32756805419922
train_30410.png,0.0,42.32987976074219,40.083946228027344
train_23014.png,0.00031887755102040814,43.45998001098633,68.44204711914062
train_04220.png,0.0,36.10219955444336,61.842872619628906
train_23251.png,0.0,56.167572021484375,55.05731964111328
train_07284.png,9.964923469387755e-05,38.06217956542969,70.26435089111328
train_18341.png,0.0,60.75542068481445,58.41501998901367
train_04157.png,0.0,53.00725555419922,45.957828521728516
train_22446.png,0.0,63.79360580444336,42.67737579345703
train_34505.png,0.0,23.549903869628906,29.476003646850586
train_11922.png,0.0,47.255741119384766,47.20424270629883
train_05844.png,0.0,66.07860565185547,61.43120193481445
train_00119.png,1.992984693877551e-05,46.44850158691406,86.31951904296875
train_29323.png,0.0,54.86830520629883,47.49043273925781
train_27263.png,5.978954081632653e-05,67.00629425048828,46.753746032714844
train_30690.png,0.0,63.129783630371094,14.984135627746582
train_02678.png,0.0,28.767776489257812,48.18199920654297
train_03286.png,0.00013950892857142856,36.624603271484375,96.85395050048828
train_29045.png,0.0,51.2621955871582,57.12986373901367
train_02949.png,0.0,56.01801681518555,54.24346160888672
train_08688.png,0.00025908801020408165,45.110809326171875,80.0672836303711
train_32418.png,0.0,50.154415130615234,55.60219955444336
train_10038.png,0.00011957908163265306,59.48381805419922,62.28850555419922
train_20924.png,0.0,32.773197174072266,49.64955520629883
train_05304.png,0.0,58.56241989135742,69.70272827148438
train_31505.png,0.0,31.5822696685791,31.395328521728516
train_29745.png,0.0,87.17051696777344,32.02734375
train_06334.png,0.0,49.80978775024414,64.1610336303711
train_27875.png,0.0,46.817203521728516,51.62077331542969
train_03703.png,0.00027901785714285713,71.90967559814453,49.854591369628906
train_15854.png,0.0,82.08362579345703,86.63990783691406
train_17179.png,0.0,44.67115783691406,44.02726364135742
train_33583.png,0.0,52.09375,60.50629806518555
train_06657.png,0.0,61.779335021972656,61.364158630371094
train_13498.png,0.0,48.01729965209961,43.39229965209961
train_01796.png,0.0,55.19818115234375,57.2865104675293
train_07602.png,0.0,49.798709869384766,34.903141021728516
train_04672.png,0.0,43.818321228027344,58.753108978271484
train_11607.png,0.0,38.42633819580078,44.7465705871582
train_08944.png,0.0,39.31736373901367,40.45798873901367
train_09842.png,0.0,76.70479583740234,60.47480773925781
train_04280.png,0.00015943877551020407,70.93526458740234,57.38432693481445
train_24369.png,0.0,38.39181900024414,42.373565673828125
train_30633.png,0.0,37.461097717285156,51.672672271728516
train_15189.png,7.971938775510203e-05,84.09239196777344,61.358978271484375
train_26308.png,0.0,58.546714782714844,47.2739143371582
train_18786.png,0.0,42.05986785888672,43.628028869628906
train_13658.png,0.0,45.36112976074219,33.93359375
train_01109.png,0.0,55.805484771728516,65.18295288085938
train_13174.png,0.0,41.5390625,38.79288864135742
train_30667.png,0.0,82.91182708740234,29.938535690307617
train_00428.png,0.0002192283163265306,53.547271728515625,68.7012939453125
train_31853.png,0.0,25.086894989013672,35.168365478515625
train_07029.png,0.00013950892857142856,45.4965705871582,52.9995231628418
train_31879.png,0.00013950892857142856,50.81178283691406,68.1728286743164
train_08393.png,0.0,51.560665130615234,16.539222717285156
train_15192.png,0.0,63.45185089111328,74.8329086303711
train_12291.png,5.978954081632653e-05,49.62380599975586,93.83011627197266
train_19074.png,0.0004185267857142857,47.568397521972656,63.560028076171875
train_02903.png,0.0,97.74688720703125,60.18694305419922
train_08230.png,0.00025908801020408165,71.20511627197266,55.66350555419922
train_15820.png,0.0,60.86064910888672,48.14731979370117
train_05460.png,0.0,18.1682071685791,34.05189895629883
train_22887.png,0.0,57.80915069580078,55.16047668457031
train_31262.png,0.0,52.60658645629883,59.41469955444336
train_27610.png,0.00031887755102040814,61.78220748901367,60.066802978515625
train_24432.png,0.0,62.97584533691406,46.148834228515625
train_16054.png,0.0,78.60140228271484,81.30006408691406
train_21635.png,0.0,23.239078521728516,40.137516021728516
train_10791.png,3.985969387755102e-05,42.5443229675293,51.02909851074219
train_03507.png,0.0,59.63958740234375,64.0255126953125
train_30870.png,0.0,51.839046478271484,61.26554489135742
train_33511.png,0.0,52.687740325927734,66.21221160888672
train_06400.png,0.0,58.8754768371582,67.85331726074219
train_31615.png,0.0,47.573421478271484,50.60833740234375
train_06870.png,0.0003786670918367347,54.67362976074219,66.60004425048828
train_01416.png,0.0,33.697784423828125,33.4965705871582
train_31587.png,0.0,105.43901824951172,50.49003601074219
train_02229.png,0.0,30.35020637512207,31.553810119628906
train_08194.png,0.0,27.514667510986328,47.075096130371094
train_22184.png,0.0,40.4127082824707,44.608978271484375
train_17031.png,0.0,71.21412658691406,56.55253601074219
train_18829.png,0.0,41.927772521972656,43.63799285888672
train_01448.png,5.978954081632653e-05,47.83354568481445,47.71659851074219
train_11547.png,0.00013950892857142856,52.7173957824707,81.76179504394531
train_01092.png,0.00027901785714285713,66.44068908691406,74.89820098876953
train_24901.png,0.0,51.3619270324707,59.3198356628418
train_26996.png,0.0,99.89221954345703,41.741790771484375
train_28597.png,0.00013950892857142856,60.41310501098633,57.929847717285156
train_30806.png,0.0,34.823421478271484,62.982303619384766
train_01188.png,0.0,32.978633880615234,40.78005599975586
train_19981.png,0.0,69.4482650756836,72.02383422851562
train_13889.png,0.0,58.31608581542969,63.34470748901367
train_23533.png,0.0,77.07876586914062,85.54049682617188
train_29896.png,0.0,37.04352569580078,47.31672668457031
train_24287.png,0.0,31.48301887512207,41.95089340209961
train_17067.png,0.0,54.657684326171875,48.20647430419922
train_10673.png,0.0003786670918367347,65.48070526123047,63.31154251098633
train_05610.png,0.00023915816326530612,42.014747619628906,74.42633819580078
train_19663.png,0.0,54.12101364135742,53.63512420654297
train_16492.png,0.00013950892857142856,64.58721160888672,65.5684814453125
train_26850.png,0.0,47.80915069580078,46.972896575927734
train_28774.png,0.0,49.808834075927734,36.58051681518555
train_32380.png,5.978954081632653e-05,96.61798095703125,70.20854949951172
train_04421.png,0.0,95.16015625,88.45527648925781
train_14492.png,0.0,47.70216751098633,65.83370208740234
train_29958.png,1.992984693877551e-05,116.56576538085938,45.22377395629883
train_05325.png,0.0004384566326530612,51.995853424072266,71.94172668457031
train_04689.png,0.00023915816326530612,92.11112976074219,56.712852478027344
train_06379.png,0.0,47.44316101074219,42.246891021728516
train_01243.png,0.0,65.53292083740234,44.097896575927734
train_28323.png,0.0,60.504783630371094,42.742584228515625
train_25632.png,0.0,44.937259674072266,65.89788055419922
train_26559.png,0.0,58.99330520629883,62.316566467285156
train_08966.png,0.0,62.9223518371582,77.6728286743164
train_19491.png,0.0,57.60706329345703,56.2318229675293
train_20517.png,5.978954081632653e-05,47.005897521972656,60.27957534790039
train_31430.png,0.0,29.566965103149414,50.28188705444336
train_11176.png,9.964923469387755e-05,70.64508819580078,109.84382629394531
train_05732.png,0.0,39.22169876098633,47.72233581542969
train_23200.png,0.0,50.226959228515625,59.28523635864258
train_09676.png,0.0,49.66438293457031,55.100685119628906
train_34066.png,3.985969387755102e-05,37.851165771484375,44.274314880371094
train_32825.png,0.00011957908163265306,77.55030059814453,61.19682693481445
train_15209.png,0.0,51.33824920654297,52.454002380371094
train_27647.png,0.0,77.13743591308594,85.90290069580078
train_12477.png,0.0,49.910316467285156,56.22377395629883
train_02649.png,0.0,63.2109375,47.765625
train_05384.png,7.971938775510203e-05,70.67028045654297,98.89836120605469
train_30008.png,0.0,66.54615783691406,59.04169464111328
train_26725.png,0.0,44.4096794128418,46.37348556518555
train_06206.png,0.0,32.71022033691406,30.649951934814453
train_15829.png,0.0003587372448979592,77.33514404296875,100.77973175048828
train_20650.png,0.0,43.046634674072266,60.72393035888672
train_15615.png,0.0,44.220584869384766,52.30070114135742
train_16914.png,0.0,47.14684295654297,59.42020034790039
train_07571.png,0.0,23.58729362487793,29.094547271728516
train_27909.png,0.0,24.54910659790039,20.70376205444336
train_17080.png,0.0,50.704559326171875,36.211097717285156
train_22772.png,0.0,47.417091369628906,44.9692268371582
train_27366.png,0.0,55.73604965209961,72.1514663696289
train_28657.png,0.0001992984693877551,49.41916275024414,65.71882629394531
train_33507.png,0.0,40.68415069580078,50.043365478515625
train_30328.png,0.0,27.68160057067871,18.5549259185791
train_04410.png,0.0,52.080596923828125,68.57740783691406
train_07100.png,0.0,40.3529167175293,52.46755599975586
train_06562.png,0.0,70.60785675048828,60.778141021728516
train_07231.png,0.0,18.18359375,14.133529663085938
train_26269.png,0.00011957908163265306,60.689491271972656,56.93989181518555
train_18339.png,0.0,52.49003601074219,53.84829330444336
train_10157.png,0.0,60.738521575927734,84.17179870605469
train_05705.png,7.971938775510203e-05,77.3350601196289,88.61152648925781
train_28023.png,0.0,36.95161056518555,48.16510009765625
train_24878.png,0.0,62.747928619384766,36.21986770629883
train_06977.png,0.0,86.91573333740234,44.181121826171875
train_05989.png,0.0,51.89620590209961,57.14285659790039
train_06316.png,0.0,46.241390228271484,55.525508880615234
train_31746.png,0.00013950892857142856,45.16685104370117,86.26578521728516
train_14656.png,0.0,38.961177825927734,31.650909423828125
train_12795.png,0.0,51.98700714111328,45.98310089111328
train_10311.png,5.978954081632653e-05,49.27806091308594,60.656490325927734
train_18473.png,0.0,31.950016021728516,27.91661262512207
train_04143.png,0.0003985969387755102,56.46157455444336,53.56194305419922
train_12891.png,0.0,58.84048080444336,62.88847351074219
train_05915.png,0.0,55.57485580444336,54.88448715209961
train_31601.png,0.0,90.05899047851562,72.5967788696289
train_08227.png,0.0,75.50175476074219,37.68654251098633
train_25896.png,0.0,55.93741989135742,54.352439880371094
train_11562.png,0.0,42.175621032714844,44.421478271484375
train_33037.png,0.0,44.18758010864258,16.66374397277832
train_26497.png,0.00013950892857142856,75.79496002197266,105.23899841308594
train_22661.png,0.0,58.12436294555664,29.301977157592773
train_25210.png,0.0,35.22560501098633,53.709022521972656
train_16411.png,0.0,25.770727157592773,26.8630428314209
train_26860.png,0.0,65.61455535888672,40.056678771972656
train_22818.png,1.992984693877551e-05,57.2240104675293,37.638790130615234
train_25790.png,0.00029894770408163266,49.355308532714844,48.98995590209961
train_03847.png,0.0,36.32549285888672,40.63903045654297
train_02791.png,0.0,59.13352966308594,48.895408630371094
train_19872.png,0.0003985969387755102,56.135841369628906,75.42585754394531
train_22027.png,7.971938775510203e-05,67.83785247802734,62.15720748901367
train_28257.png,0.0,48.67060089111328,55.97831726074219
train_14103.png,0.0002192283163265306,63.53778839111328,67.94004821777344
train_20048.png,0.0,65.61695098876953,45.973533630371094
train_07530.png,0.0,41.13935089111328,41.15657043457031
train_25429.png,9.964923469387755e-05,70.4677963256836,57.66796875
train_08478.png,0.0,39.38129806518555,44.91119384765625
train_31669.png,0.0004185267857142857,61.364158630371094,81.4988021850586
train_13169.png,0.0,53.95870590209961,41.31186294555664
train_32791.png,0.0,47.009246826171875,56.56241989135742
train_27160.png,0.0,46.18024444580078,51.09765625
train_12119.png,0.0,44.460777282714844,30.288583755493164
train_06291.png,0.0,43.66501998901367,48.366947174072266
train_10605.png,0.0,31.637197494506836,38.71221160888672
train_24526.png,0.0,67.81608581542969,47.997928619384766
train_34363.png,0.0,57.46707534790039,54.19810104370117
train_09647.png,0.0,56.71372604370117,58.6732292175293
train_01594.png,0.0,85.88783264160156,23.47823715209961
train_20076.png,3.985969387755102e-05,49.49441909790039,60.093910217285156
train_17734.png,0.0,51.56768035888672,75.99832916259766
train_00273.png,0.0,54.939414978027344,67.10355377197266
train_00952.png,0.0,55.678890228271484,39.99051284790039
train_02001.png,0.0,82.02622985839844,50.98158645629883
train_18516.png,0.0,59.0234375,36.59342956542969
train_22471.png,0.0,42.96771240234375,42.337852478027344
train_14975.png,0.0001992984693877551,66.02670288085938,52.57939910888672
train_33993.png,1.992984693877551e-05,84.18192291259766,67.9697036743164
train_09128.png,0.0,70.68598175048828,40.8325080871582
train_16768.png,0.0008370535714285714,56.056121826171875,77.29798889160156
train_27118.png,5.978954081632653e-05,46.247528076171875,56.359375
train_01710.png,0.0,22.421955108642578,21.132892608642578
train_01930.png,0.0,39.04368591308594,48.02064895629883
train_24997.png,0.0,38.48652648925781,45.38209533691406
train_29005.png,3.985969387755102e-05,29.565689086914062,52.56353759765625
train_28243.png,0.0,68.46173095703125,48.50334930419922
train_23372.png,0.0,50.635841369628906,53.0346794128418
train_11912.png,1.992984693877551e-05,72.67610168457031,47.54169464111328
train_14302.png,0.0,40.604034423828125,44.42745590209961
train_28468.png,1.992984693877551e-05,59.479034423828125,57.66557693481445
train_01291.png,0.0,52.3168830871582,59.400909423828125
train_02168.png,0.0,50.47887420654297,30.686622619628906
train_04463.png,0.00013950892857142856,98.09622192382812,72.37818908691406
train_03820.png,0.0,50.03236770629883,40.20989990234375
train_15315.png,0.0,32.03116989135742,41.89971160888672
train_32617.png,0.0,36.351959228515625,51.293846130371094
train_24654.png,0.0,50.798789978027344,50.23564910888672
train_15418.png,0.0,103.81210327148438,59.9760856628418
train_03105.png,0.0,81.13089752197266,57.76235580444336
train_32993.png,0.0,106.3221435546875,52.66342544555664
train_03789.png,0.0,74.12747192382812,52.11256408691406
train_18131.png,0.0,109.50677490234375,39.8979606628418
train_00566.png,0.0,63.36655044555664,72.76315307617188
train_22147.png,5.978954081632653e-05,62.410396575927734,59.61001205444336
train_18910.png,0.0,57.86989974975586,76.34654235839844
train_23025.png,0.0004185267857142857,56.83075714111328,68.19873809814453
train_32726.png,0.0,39.30739974975586,47.81816101074219
train_27686.png,0.0,22.561304092407227,12.590560913085938
train_07402.png,0.0,47.72775650024414,39.48668670654297
train_19147.png,0.0,37.814491271972656,44.17689895629883
train_06039.png,0.0,44.952728271484375,55.36686706542969
train_06502.png,3.985969387755102e-05,64.15959930419922,53.57939910888672
train_02300.png,0.0,62.16693115234375,51.917808532714844
train_26380.png,1.992984693877551e-05,58.11614990234375,60.65266418457031
train_15973.png,0.0,36.968353271484375,47.38393020629883
train_01496.png,0.0,35.52112579345703,26.18582534790039
train_21418.png,0.0,60.95583724975586,58.430564880371094
train_15170.png,0.0,56.589447021484375,66.75820922851562
train_24644.png,0.0,48.95814895629883,41.689414978027344
train_03316.png,0.0,76.74322509765625,29.64684295654297
train_10078.png,3.985969387755102e-05,88.07294464111328,27.32653045654297
train_13270.png,0.0003786670918367347,64.9862060546875,70.47106170654297
train_04716.png,0.0,42.17346954345703,57.40138626098633
train_10594.png,0.0,68.33832550048828,71.56122589111328
train_27703.png,0.0,45.5581169128418,49.818241119384766
train_00241.png,0.0,20.358339309692383,19.528539657592773
train_24075.png,0.0,33.51554489135742,60.2075080871582
train_28372.png,7.971938775510203e-05,58.2104606628418,56.72592544555664
train_13632.png,0.0003587372448979592,83.93773651123047,62.8754768371582
train_33135.png,0.0,55.86997604370117,49.39995193481445
train_07305.png,0.0001793686224489796,52.169403076171875,49.85658645629883
train_09242.png,0.0,40.61232376098633,58.985172271728516
train_03833.png,0.0,33.83538055419922,38.636558532714844
train_32793.png,0.0004982461734693878,71.078125,84.1863021850586
train_11773.png,0.0,38.46101760864258,57.60251998901367
train_24210.png,3.985969387755102e-05,55.86056900024414,59.24330520629883
train_29911.png,0.0,46.72377395629883,51.08426284790039
train_25493.png,0.0,54.988040924072266,45.86328125
train_01247.png,0.00013950892857142856,74.86487579345703,57.474090576171875
train_01590.png,0.0,61.46907043457031,50.85060501098633
train_06994.png,1.992984693877551e-05,63.409759521484375,62.72775650024414
train_09571.png,9.964923469387755e-05,80.20926666259766,62.49457931518555
train_06419.png,0.0,50.25055694580078,49.52511215209961
train_18882.png,0.0,40.36423873901367,53.63113784790039
train_08225.png,0.0,49.841835021972656,48.775508880615234
train_06725.png,0.0001992984693877551,62.35092544555664,78.26060485839844
train_33834.png,0.0003985969387755102,58.21747589111328,62.593910217285156
train_06271.png,0.0,41.896366119384766,41.832908630371094
train_14587.png,0.0,78.04400634765625,50.240196228027344
train_14217.png,0.0,58.42673873901367,68.75366973876953
train_09406.png,0.00027901785714285713,70.19642639160156,59.470741271972656
train_19417.png,0.0,61.32206726074219,48.769371032714844
train_16071.png,0.0,49.818321228027344,37.85275650024414
train_06267.png,0.0,58.78643035888672,66.00788879394531
train_03705.png,0.0,60.6371955871582,59.92801284790039
train_21428.png,0.0,48.706153869628906,39.77080535888672
train_00618.png,0.0,42.59534454345703,48.57549285888672
train_06996.png,0.00011957908163265306,52.6732292175293,51.59446716308594
train_04292.png,0.0,15.113998413085938,29.76698112487793
train_17553.png,0.0,62.63105773925781,62.01331329345703
train_22872.png,0.0,26.379941940307617,18.602439880371094
train_25361.png,0.0,41.3529167175293,65.43096160888672
train_28701.png,0.0,53.99768829345703,54.90951919555664
train_34235.png,0.00013950892857142856,54.336334228515625,52.46022033691406
train_17259.png,0.0,29.188217163085938,28.109773635864258
train_08341.png,0.00015943877551020407,41.06146240234375,74.00103759765625
train_22773.png,0.0,51.60833740234375,56.885921478271484
train_10453.png,0.0005779655612244898,70.57565307617188,63.74481964111328
train_12890.png,0.0,64.17131805419922,30.80333137512207
train_06585.png,0.0,51.804447174072266,31.87667465209961
train_34218.png,0.0,64.66963958740234,80.10826110839844
train_03122.png,0.00027901785714285713,59.94044876098633,67.5459976196289
train_02111.png,0.0,20.2263240814209,40.94658660888672
train_06262.png,0.0,38.87946319580078,55.41892623901367
train_13308.png,3.985969387755102e-05,61.04783248901367,36.39811706542969
train_24664.png,0.0,25.7932071685791,21.15202522277832
train_04667.png,0.0,66.09048461914062,53.3051643371582
train_32598.png,0.0,49.269371032714844,60.81568908691406
train_18106.png,0.0,68.91836547851562,44.08856964111328
train_29332.png,5.978954081632653e-05,56.83489990234375,75.45941925048828
train_16073.png,0.00025908801020408165,70.91565704345703,61.41764831542969
train_20742.png,0.0,29.79456329345703,24.93191909790039
train_01758.png,0.0,50.324615478515625,41.72441101074219
train_21921.png,0.0,39.687259674072266,65.21022033691406
train_23674.png,0.0,44.898040771484375,53.69850158691406
train_09737.png,0.0,43.071189880371094,44.39739990234375
train_08511.png,0.0,50.56130599975586,44.05405044555664
train_20937.png,0.0,53.14277648925781,48.20766830444336
train_12138.png,0.0,45.255741119384766,51.755897521972656
train_11742.png,0.0,56.00032043457031,74.5694351196289
train_08868.png,0.0,63.713008880615234,46.58195114135742
train_25600.png,0.0,46.13225555419922,64.27861785888672
train_18967.png,0.00045838647959183676,49.48987579345703,70.67514038085938
train_14463.png,0.0,53.91047668457031,43.10315704345703
train_22351.png,0.0,55.808433532714844,52.543766021728516
train_20322.png,0.0,49.177616119384766,50.97385025024414
train_24157.png,3.985969387755102e-05,50.01825714111328,99.6298599243164
train_04201.png,0.0005779655612244898,49.568878173828125,63.86272430419922
train_28577.png,0.0,71.24051666259766,70.03643035888672
train_09112.png,0.0,52.6470832824707,60.62165069580078
train_28953.png,0.0,52.6371955871582,48.56760025024414
train_13564.png,0.0,33.610252380371094,36.8276481628418
train_28708.png,0.0,60.79033660888672,50.68694305419922
train_01423.png,0.0,69.8223876953125,39.991390228271484
train_22085.png,0.0,61.909996032714844,51.71866989135742
train_08846.png,0.0,27.77503204345703,16.024633407592773
train_33346.png,0.0,48.83888626098633,85.78372192382812
train_30998.png,0.0,41.43686294555664,44.07685089111328
train_23696.png,0.0,60.90983581542969,42.7357292175293
train_21838.png,0.0,58.761558532714844,45.95153045654297
train_11574.png,0.00029894770408163266,58.845821380615234,60.44650650024414
train_07831.png,0.0,60.92897033691406,76.6357650756836
train_18517.png,0.00027901785714285713,45.732940673828125,76.07389831542969
train_12973.png,1.992984693877551e-05,65.36128997802734,43.61360168457031
train_07700.png,5.978954081632653e-05,66.83394622802734,50.89548873901367
train_03707.png,0.0,41.563934326171875,35.20758819580078
train_13814.png,0.0,64.83601379394531,54.46388626098633
train_16324.png,0.0,65.93550872802734,44.51116180419922
train_33767.png,0.0,56.5903205871582,48.508609771728516
train_28553.png,0.0,59.94475555419922,25.53156852722168
train_00447.png,0.0009964923469387755,53.266502380371094,98.9267349243164
train_30174.png,0.00013950892857142856,71.78388214111328,58.74003601074219
train_19327.png,0.00015943877551020407,53.06401443481445,60.26681900024414
train_07024.png,0.0,26.015146255493164,21.568239212036133
train_09489.png,0.0,46.47664260864258,47.87173080444336
train_15953.png,0.0,52.58314895629883,52.69028854370117
train_21832.png,0.0004982461734693878,70.83785247802734,70.95511627197266
train_17170.png,0.0,52.59199523925781,57.526466369628906
train_34084.png,0.0,23.155452728271484,29.15816307067871
train_25296.png,9.964923469387755e-05,47.137596130371094,74.72344970703125
train_02974.png,0.0,58.40529251098633,60.27606964111328
train_19995.png,0.0001992984693877551,79.80635833740234,76.71054077148438
train_31571.png,0.0,34.68686294555664,51.1068229675293
train_10388.png,0.0003587372448979592,55.21356964111328,52.4036979675293
train_26757.png,0.0,48.85060501098633,46.22385025024414
train_27064.png,0.00011957908163265306,53.17354965209961,55.238521575927734
train_04084.png,0.0,28.427295684814453,24.153221130371094
train_19031.png,0.0,48.60810089111328,56.383052825927734
train_20484.png,0.0,13.895408630371094,14.499919891357422
train_25915.png,0.0,54.78523635864258,60.905372619628906
train_17678.png,0.0,57.471778869628906,50.20527648925781
train_33765.png,0.0,47.61957931518555,46.26498794555664
train_25317.png,0.0,34.2720832824707,33.246253967285156
train_20442.png,0.0001793686224489796,55.12053680419922,65.96867370605469
train_23848.png,0.0,53.08538055419922,47.14955520629883
train_25738.png,0.0,56.51395034790039,61.378028869628906
train_33400.png,0.0005181760204081633,50.582828521728516,75.85602569580078
train_22111.png,0.0001793686224489796,58.77846145629883,53.04982376098633
train_29527.png,0.0,59.44427490234375,80.6883773803711
train_08045.png,0.0,43.67960739135742,70.97616577148438
train_19391.png,0.0,53.15521240234375,59.253028869628906
train_04918.png,0.0,73.09733581542969,58.26203918457031
train_17024.png,0.0,60.49840545654297,45.414222717285156
train_12761.png,0.0,39.683753967285156,60.140785217285156
train_29895.png,5.978954081632653e-05,74.0949478149414,58.861209869384766
train_00655.png,0.0,78.32023620605469,57.79902648925781
train_26801.png,0.0,39.489715576171875,35.04966354370117
train_28431.png,0.0,71.64030456542969,38.30245590209961
train_34007.png,0.0,40.53125,36.286590576171875
train_25151.png,0.00015943877551020407,53.39788055419922,78.0880126953125
train_00926.png,0.0,40.6450080871582,65.41230773925781
train_07499.png,0.0,40.47169876098633,29.473134994506836
train_20220.png,0.0,44.61949920654297,42.62778854370117
train_13791.png,0.0,56.8775520324707,46.06345748901367
train_18912.png,0.0,31.32549476623535,29.875160217285156
train_14244.png,0.0001992984693877551,52.508609771728516,71.98668670654297
train_20554.png,0.0,38.79264831542969,45.73828125
train_29072.png,0.0001793686224489796,56.23764419555664,73.70511627197266
train_29595.png,3.985969387755102e-05,57.413265228271484,56.60044479370117
train_11946.png,0.0001992984693877551,69.64779663085938,83.87428283691406
train_33844.png,0.0,48.94467544555664,33.25103759765625
train_34507.png,0.0,48.02606964111328,51.215084075927734
train_30851.png,0.0,37.51554489135742,38.57262420654297
train_13466.png,0.0,55.14780044555664,53.86423873901367
train_32618.png,0.0,53.16924285888672,40.2056770324707
train_03102.png,0.0,50.65019226074219,50.738521575927734
train_21461.png,0.0,53.82700729370117,40.081233978271484
train_21733.png,0.00013950892857142856,65.51451110839844,100.53069305419922
train_15110.png,0.00015943877551020407,46.20025634765625,63.35419464111328
train_30518.png,0.0,45.57589340209961,47.09135818481445
train_28533.png,0.0,58.3403205871582,76.19722747802734
train_10468.png,0.0,27.359535217285156,22.16733169555664
train_32269.png,0.0,53.28627395629883,67.05404663085938
train_12887.png,5.978954081632653e-05,65.8894271850586,106.37532043457031
train_18861.png,5.978954081632653e-05,53.809471130371094,69.89006805419922
train_25773.png,0.0001992984693877551,66.01243591308594,58.79241180419922
train_29905.png,0.0002192283163265306,34.75318908691406,66.06441497802734
train_21848.png,0.0,34.61814498901367,29.169004440307617
train_25686.png,0.0,48.7651481628418,53.72879409790039
train_03946.png,0.00025908801020408165,38.988441467285156,76.7091064453125
train_18801.png,0.0,36.62858581542969,52.75661849975586
train_14632.png,0.0,39.53013229370117,39.11830520629883
train_24181.png,0.0,53.80532455444336,87.98979949951172
train_25132.png,0.00011957908163265306,68.48995208740234,56.21372604370117
train_09407.png,0.0,43.82150650024414,39.980628967285156
train_05373.png,3.985969387755102e-05,54.057716369628906,49.68853759765625
train_13291.png,1.992984693877551e-05,73.70862579345703,47.63560104370117
train_08206.png,0.00011957908163265306,61.248008728027344,86.29081726074219
train_27215.png,7.971938775510203e-05,49.34223556518555,50.98533248901367
train_26011.png,5.978954081632653e-05,38.19586944580078,36.417572021484375
train_21613.png,0.0,41.85905456542969,30.948022842407227
train_00369.png,0.0,32.738521575927734,23.77503204345703
train_24810.png,0.0,40.485252380371094,46.74123001098633
train_31027.png,0.00031887755102040814,74.97186279296875,90.57971954345703
train_04740.png,0.0,46.661991119384766,54.36001205444336
train_13941.png,0.0,30.842315673828125,50.110172271728516
train_05908.png,0.0,35.8150520324707,33.25223159790039
train_13712.png,0.0,64.6240463256836,55.605228424072266
train_32844.png,0.0004185267857142857,44.162071228027344,60.386558532714844
train_21821.png,0.0,58.08107376098633,50.89907455444336
train_04342.png,0.00033880739795918367,56.388553619384766,53.68973159790039
train_27892.png,0.0,38.9096794128418,41.366790771484375
train_00640.png,3.985969387755102e-05,53.58625793457031,29.07621192932129
train_31456.png,0.0,79.48373413085938,52.66518020629883
train_31443.png,0.0,48.00334930419922,51.870697021484375
train_19793.png,0.0,52.69850158691406,56.237884521484375
train_09851.png,5.978954081632653e-05,44.12444305419922,62.19650650024414
train_09920.png,0.0,55.56816101074219,48.64548873901367
train_01807.png,0.0,47.58761215209961,44.05859375
train_01377.png,0.0,44.54591751098633,50.85164260864258
train_31977.png,0.0,22.966676712036133,15.799903869628906
train_29405.png,0.00025908801020408165,73.0330810546875,83.03961944580078
train_17230.png,0.00013950892857142856,64.66653442382812,66.53563690185547
train_29883.png,1.992984693877551e-05,45.71580123901367,52.92283248901367
train_31377.png,3.985969387755102e-05,72.60953521728516,70.98421478271484
train_20912.png,0.0001793686224489796,60.73014831542969,61.69268035888672
train_18424.png,0.0,63.71556091308594,52.96707534790039
train_23687.png,0.0009367028061224489,55.97624206542969,82.2527084350586
train_34061.png,0.0,46.17864990234375,59.14453125
train_20907.png,0.0,43.01100158691406,38.19889831542969
train_02900.png,0.0,52.84407043457031,71.73278045654297
train_12261.png,0.0,29.922592163085938,39.33832931518555
train_18258.png,0.0005181760204081633,84.32597351074219,55.67905044555664
train_15062.png,0.0,51.503746032714844,56.5043830871582
train_16334.png,0.0,41.87491989135742,50.92976760864258
train_17068.png,0.0,64.42060089111328,59.31816101074219
train_24710.png,0.0,39.8841667175293,46.76243591308594
train_20053.png,0.00025908801020408165,48.49681091308594,66.90473175048828
train_25583.png,0.0,46.530372619628906,46.51139831542969
train_24122.png,0.0,46.38496398925781,45.92083740234375
train_20801.png,0.0,67.03284454345703,80.87826538085938
train_32632.png,0.0,29.671875,20.355308532714844
train_14981.png,0.0,26.614158630371094,50.867984771728516
train_06000.png,0.0,57.28188705444336,65.07342529296875
train_10779.png,0.0,28.450653076171875,24.25390625
train_04156.png,3.985969387755102e-05,76.95941925048828,68.93598175048828
train_18900.png,0.0,62.49888229370117,37.90473556518555
train_17476.png,0.0,44.39612579345703,39.974727630615234
train_07497.png,0.0,43.94076919555664,53.09303283691406
train_01670.png,0.0,66.22113800048828,72.65218353271484
train_09875.png,9.964923469387755e-05,40.68877410888672,76.84430694580078
train_28583.png,9.964923469387755e-05,59.1263542175293,72.93343353271484
train_03378.png,0.0,48.44523239135742,64.6454849243164
train_14180.png,0.0009964923469387755,57.32366180419922,89.62906646728516
train_00377.png,0.0,2.7662627696990967,2.7662627696990967
train_20745.png,0.0,44.251434326171875,44.27861785888672
train_14513.png,0.0,46.47169876098633,50.20814895629883
train_06879.png,0.0,42.05476760864258,40.255821228027344
train_09151.png,0.0,43.90202331542969,47.26458740234375
train_10801.png,0.0,63.03619384765625,25.397003173828125
train_32724.png,5.978954081632653e-05,58.759883880615234,50.5073356628418
train_24240.png,0.0,69.47289276123047,60.21157455444336
train_27021.png,0.0,72.98979949951172,89.31273651123047
train_01575.png,0.0001793686224489796,85.01363372802734,68.27973175048828
train_20854.png,5.978954081632653e-05,63.69028854370117,48.35148239135742
train_25294.png,0.0,50.083946228027344,43.695709228515625
train_29416.png,0.0,60.10674285888672,63.621490478515625
train_18525.png,0.0,61.917572021484375,37.62786865234375
train_04592.png,0.0,64.99147033691406,29.331233978271484
train_22235.png,0.0,49.78284454345703,53.738040924072266
train_02344.png,0.0,57.20926284790039,54.3060417175293
train_33311.png,0.0,88.68526458740234,32.346221923828125
train_16580.png,0.0,67.68598175048828,84.14707946777344
train_27821.png,0.0,49.83538055419922,48.16533660888672
train_05572.png,0.0003587372448979592,82.90386199951172,119.68391418457031
train_31146.png,0.0,73.28379821777344,51.78579330444336
train_09152.png,0.0,46.431121826171875,34.89445114135742
train_22249.png,0.0,61.02184295654297,66.43470764160156
train_01815.png,0.0,40.295440673828125,79.65736389160156
train_25067.png,0.00023915816326530612,54.069915771484375,85.68701934814453
train_01483.png,0.0,49.79806900024414,51.95161056518555
train_24921.png,0.0,65.54615783691406,70.1064224243164
train_11393.png,0.0005381058673469387,50.182159423828125,113.60172271728516
train_32502.png,0.0,43.43239974975586,46.90178680419922
train_31226.png,0.00025908801020408165,71.4288101196289,73.77264404296875
train_33056.png,0.0,22.676498413085938,18.813934326171875
train_06056.png,0.0,33.4604606628418,24.07844352722168
train_28107.png,0.0,45.95471954345703,56.31074523925781
train_27993.png,0.0,53.151466369628906,43.386959075927734
train_21277.png,0.0,31.17410659790039,40.81473159790039
train_03508.png,0.0,58.02128601074219,46.17801284790039
train_21148.png,0.0,62.67681884765625,41.85100555419922
train_07781.png,1.992984693877551e-05,44.257652282714844,39.15959930419922
train_26405.png,0.00023915816326530612,53.213966369628906,101.03922271728516
train_23523.png,0.0,39.265464782714844,38.58211135864258
train_27524.png,0.0,49.65919876098633,46.8125
train_00967.png,0.0,63.97528839111328,57.8325080871582
train_24200.png,0.0,47.39174270629883,55.918846130371094
train_30786.png,0.0,58.57908248901367,50.945709228515625
train_32053.png,0.00011957908163265306,38.95671081542969,38.88121795654297
train_10212.png,0.0,57.3775520324707,41.10993194580078
train_07974.png,0.0002192283163265306,95.35602569580078,69.61949920654297
train_26094.png,3.985969387755102e-05,37.30046081542969,55.17578125
train_33669.png,0.0,49.02606964111328,47.75669479370117
train_13984.png,0.0,72.59351348876953,34.42841339111328
train_08013.png,0.0,85.10299682617188,74.5808334350586
train_33386.png,0.0,32.847896575927734,18.36359977722168
train_00758.png,0.0,32.160316467285156,41.689334869384766
train_29525.png,1.992984693877551e-05,61.536991119384766,75.12276458740234
train_09918.png,0.0,71.3975601196289,45.586177825927734
train_02087.png,0.0,22.264190673828125,16.789142608642578
train_12524.png,0.0,21.863201141357422,13.826451301574707
train_05548.png,0.00015943877551020407,51.372928619384766,72.15760803222656
train_01837.png,0.0,62.6801643371582,72.24266815185547
train_09026.png,9.964923469387755e-05,50.11830520629883,48.99936294555664
train_29755.png,5.978954081632653e-05,57.23310089111328,47.241790771484375
train_15392.png,0.0,26.380739212036133,22.98628807067871
train_16647.png,0.0,42.625160217285156,45.41518020629883
train_18124.png,0.0,87.10698699951172,59.47711944580078
train_20295.png,0.0,59.274234771728516,42.812259674072266
train_31105.png,0.0,55.701053619384766,54.046634674072266
train_27289.png,0.0,48.322227478027344,59.07700729370117
train_19102.png,0.0,59.769691467285156,62.484375
train_05687.png,0.0003786670918367347,43.93072509765625,81.91087341308594
train_15483.png,0.0004982461734693878,54.363677978515625,80.7890625
train_01288.png,0.0,51.189571380615234,61.77272033691406
train_04430.png,0.0,44.57987976074219,46.84941101074219
train_25139.png,0.0,40.21038055419922,44.671077728271484
train_30733.png,0.0,40.03961944580078,43.91677474975586
train_22729.png,0.0,63.814971923828125,57.92243194580078
train_15382.png,0.0,63.53746795654297,63.39899444580078
train_06049.png,0.0,80.02304077148438,35.63767623901367
train_03986.png,0.0,42.26777648925781,37.75677490234375
train_21640.png,0.0,37.47664260864258,43.75836944580078
train_20184.png,9.964923469387755e-05,77.3046875,92.6983413696289
train_28786.png,0.0,49.38950729370117,44.71603775024414
train_05742.png,0.0,50.51506805419922,46.996971130371094
train_33554.png,0.0,17.788265228271484,23.050302505493164
train_02635.png,0.0001992984693877551,62.3081169128418,105.00757598876953
train_23462.png,0.0,38.71651840209961,49.989078521728516
train_05220.png,0.00031887755102040814,55.515785217285156,80.02200317382812
train_32753.png,0.00047831632653061223,83.5018310546875,116.51578521728516
train_04341.png,0.0,45.404178619384766,57.95424270629883
train_15716.png,0.0,55.09263229370117,48.29966354370117
train_09434.png,0.0,61.46316909790039,52.698421478271484
train_03451.png,0.0,52.613677978515625,31.469945907592773
train_30983.png,0.00013950892857142856,77.60770416259766,51.10722351074219
train_06281.png,1.992984693877551e-05,60.93694305419922,58.0130729675293
train_05346.png,0.0,19.748565673828125,17.980947494506836
train_08398.png,0.0,45.431602478027344,35.5073356628418
train_12451.png,0.0,41.267059326171875,42.0521354675293
train_16106.png,0.0001793686224489796,64.49003601074219,76.73206329345703
train_32830.png,0.0,53.13440704345703,50.2005729675293
train_07889.png,0.0,56.867427825927734,24.7731990814209
train_30325.png,0.00027901785714285713,36.972816467285156,60.01267623901367
train_00013.png,0.0,72.97154235839844,12.675223350524902
train_26753.png,0.0,38.966678619384766,18.272720336914062
train_17433.png,0.0002192283163265306,63.338966369628906,102.98358154296875
train_13707.png,0.0,64.61543273925781,42.20424270629883
train_30592.png,0.0,72.32764434814453,60.65696716308594
train_07033.png,0.00013950892857142856,68.48589324951172,57.6206169128418
train_18403.png,0.0,38.90290069580078,43.258609771728516
train_00991.png,0.0,43.69148635864258,43.990272521972656
train_16356.png,0.0,78.59629821777344,56.762115478515625
train_19887.png,0.00033880739795918367,57.53459930419922,62.49489974975586
train_18119.png,0.0,91.40617370605469,91.78714752197266
train_30595.png,0.0,103.4747314453125,43.677852630615234
train_29853.png,0.0,49.623165130615234,25.582748413085938
train_26008.png,0.0,30.351163864135742,35.78938293457031
train_20898.png,0.0,96.35858154296875,22.238201141357422
train_25021.png,0.0,43.44754409790039,43.69802474975586
train_14788.png,0.0,60.63336944580078,41.27447509765625
train_04825.png,0.00025908801020408165,92.61711120605469,95.14620208740234
train_05563.png,0.0,56.850685119628906,30.932636260986328
train_03058.png,0.0,45.90736770629883,55.14118194580078
train_13551.png,0.0,30.72488784790039,33.90385818481445
train_14757.png,0.00033880739795918367,48.57126998901367,65.85785675048828
train_26563.png,0.0,58.82645034790039,58.73660659790039
train_16380.png,0.00011957908163265306,60.680484771728516,60.05588150024414
train_09525.png,9.964923469387755e-05,53.35124206542969,65.06138610839844
train_15543.png,0.0,43.700653076171875,28.40656852722168
train_03356.png,0.0,51.32541275024414,52.26530456542969
train_17620.png,0.0,47.899314880371094,57.14788055419922
train_25352.png,0.0,42.81712341308594,97.30532836914062
train_24780.png,0.0,52.124603271484375,59.741947174072266
train_01912.png,7.971938775510203e-05,61.83266830444336,43.650352478027344
train_17115.png,0.0,26.821826934814453,21.41270637512207
train_11681.png,0.0,39.638633728027344,42.463008880615234
train_07516.png,0.0,37.703285217285156,44.008209228515625
train_08617.png,0.0,39.97361373901367,30.125080108642578
train_33782.png,0.0,79.53619384765625,62.91398239135742
train_09056.png,0.0,45.65943908691406,61.51618194580078
train_05707.png,0.0,51.68096160888672,52.695472717285156
train_09331.png,0.0,48.53411865234375,45.07589340209961
train_11000.png,0.0,57.18486785888672,57.23596954345703
train_12994.png,0.0,71.96205139160156,43.4818229675293
train_09971.png,0.0,59.43231964111328,54.0259895324707
train_30830.png,0.0,51.01777648925781,61.16286849975586
train_25747.png,0.0,51.94539260864258,55.436065673828125
train_31293.png,0.0,48.890384674072266,54.66023635864258
train_06332.png,0.0,42.659278869628906,37.55572509765625
train_27985.png,0.0,21.97201919555664,19.566965103149414
train_13981.png,0.0,43.04368591308594,44.095584869384766
train_07579.png,0.0,70.60602569580078,59.51658248901367
train_12425.png,7.971938775510203e-05,56.97528839111328,53.288265228271484
train_19444.png,0.0006377551020408163,64.79360961914062,60.064971923828125
train_08575.png,3.985969387755102e-05,44.277503967285156,42.880741119384766
train_09480.png,0.0,29.268495559692383,34.48995590209961
train_05218.png,1.992984693877551e-05,63.241790771484375,51.952247619628906
train_10007.png,0.0,59.473453521728516,77.94667053222656
train_02746.png,0.0,63.96970748901367,56.99641418457031
train_25323.png,0.0,52.5503044128418,52.76801681518555
train_03548.png,0.0,41.99601364135742,61.92506408691406
train_34204.png,0.0,52.81345748901367,39.92075729370117
train_23847.png,0.0,51.41510009765625,29.505102157592773
train_33347.png,0.0,35.663185119628906,49.71253204345703
train_21862.png,0.0001793686224489796,77.52288055419922,50.11056900024414
train_15466.png,0.0,42.52112579345703,51.55699920654297
train_22236.png,0.0,50.2817268371582,39.65114974975586
train_13192.png,0.0,48.85770034790039,54.50286865234375
train_06164.png,7.971938775510203e-05,50.18622589111328,61.75900650024414
train_31167.png,0.00029894770408163266,55.7739143371582,74.28132629394531
train_08006.png,0.0,61.933433532714844,68.20272827148438
train_30014.png,0.0,78.32860565185547,51.83880615234375
train_31075.png,0.0,15.254304885864258,15.834821701049805
train_33970.png,0.0,65.07469940185547,41.75550079345703
train_32715.png,0.0,43.022560119628906,34.973533630371094
train_34347.png,0.0,59.05620193481445,62.42083740234375
train_11994.png,0.0,36.967952728271484,38.91573715209961
train_12299.png,0.0,55.047752380371094,48.16788864135742
train_03746.png,0.0001793686224489796,78.9560775756836,48.01283645629883
train_23594.png,0.0,40.30572509765625,46.426658630371094
train_13933.png,0.00015943877551020407,42.63958740234375,90.10283660888672
train_08504.png,0.0,45.98373794555664,53.501434326171875
train_16401.png,0.0,23.514110565185547,23.12045669555664
train_02095.png,0.0001992984693877551,93.71907043457031,71.29273223876953
train_32990.png,0.0,47.417572021484375,46.780853271484375
train_08494.png,0.0001992984693877551,87.79998779296875,106.99832916259766
train_09363.png,0.0,59.563934326171875,63.976402282714844
train_10090.png,0.0,48.544403076171875,40.05413055419922
train_11215.png,0.0,63.34996795654297,63.464603424072266
train_34418.png,0.0,14.573182106018066,13.087133407592773
train_01045.png,0.0,48.83649444580078,52.451690673828125
train_00344.png,0.0,49.583866119384766,52.193397521972656
train_12630.png,0.00011957908163265306,63.1167106628418,75.27694702148438
train_04968.png,0.0,28.844467163085938,45.62715148925781
train_16811.png,0.0,68.20208740234375,74.53491973876953
train_11269.png,0.00011957908163265306,85.70025634765625,96.23118591308594
train_14843.png,0.0,52.18989181518555,53.6957893371582
train_19351.png,0.0,55.746334075927734,73.37651824951172
train_31178.png,0.0,67.94475555419922,61.159358978271484
train_26311.png,1.992984693877551e-05,53.029415130615234,39.320552825927734
train_31283.png,0.0,44.351165771484375,47.509647369384766
train_33117.png,0.0,54.05317306518555,49.15226364135742
train_27017.png,7.971938775510203e-05,53.517539978027344,44.52949523925781
train_00827.png,0.0003587372448979592,49.71930694580078,55.82740783691406
train_00499.png,0.0,51.91071319580078,45.0521354675293
train_29822.png,1.992984693877551e-05,52.56672668457031,47.41956329345703
train_24939.png,0.00011957908163265306,64.50135803222656,96.42562103271484
train_06187.png,0.0,16.805564880371094,36.7690544128418
train_28544.png,0.0,51.70463943481445,47.85818099975586
train_19468.png,0.0,18.584741592407227,16.00940704345703
train_21925.png,0.0,48.0130729675293,36.6567268371582
train_01339.png,0.00011957908163265306,80.3311538696289,96.27582550048828
train_01000.png,0.0,53.78834533691406,39.093509674072266
train_13914.png,0.0007174744897959184,52.75263214111328,51.921875
train_29740.png,0.0,63.216678619384766,46.94754409790039
train_14171.png,0.0,37.78786849975586,63.999202728271484
train_04469.png,0.0,33.679290771484375,47.37444305419922
train_22376.png,0.0,110.54711151123047,36.533321380615234
train_14770.png,0.0,38.37077331542969,43.797752380371094
train_13940.png,0.0,39.67753601074219,42.713008880615234
train_02541.png,0.0,41.27192306518555,43.18877410888672
train_11854.png,9.964923469387755e-05,69.59925079345703,115.14198303222656
train_17846.png,0.0,21.108816146850586,35.70479965209961
train_07266.png,0.0,34.1137580871582,32.83481979370117
train_27362.png,5.978954081632653e-05,65.17115783691406,104.06513214111328
train_22935.png,0.0,55.729671478271484,33.906089782714844
train_05679.png,0.0,65.71978759765625,57.20376205444336
train_01197.png,0.0,54.46197509765625,38.85268020629883
train_18307.png,0.0,40.18877410888672,36.05851364135742
train_21770.png,0.0,68.75860595703125,66.35347747802734
train_29415.png,0.00033880739795918367,65.26483154296875,73.39564514160156
train_01275.png,0.0,83.00247192382812,37.935585021972656
train_21370.png,0.0,69.95551300048828,70.66039276123047
train_12200.png,0.0,56.090240478515625,40.80564498901367
train_12357.png,0.0,107.52670288085938,37.85873794555664
train_12525.png,0.0,58.88050079345703,79.5381088256836
train_19757.png,0.0,47.481266021728516,45.31090545654297
train_19400.png,7.971938775510203e-05,38.35610580444336,63.46596145629883
